주유소명,전화번호,전기차 충전소,수소차 충전소
황전(광양)주유소,061-782-1737,O,X
황전(전주)주유소,061-782-1701,O,X
행담도(시흥)주유소,041-357-8141,O,X
행담도(목포)주유소,041-357-8141,O,X
통도사(부산)주유소,055-372-6163,O,X
서울하이패스센터쉼터충전소,031-714-7255,X,X
보성녹차(광양)주유소,070-4325-8805,O,X
보성녹차(목포)주유소,070-4325-8800,O,X
옥천만남의광장주유소,043-732-0081,O,X
마장복합(하남)주유소,031-630-0051,O,X
마장복합(통영)주유소,031-630-0052,O,X
금왕(평택)주유소,043-882-8030,O,X
금왕(제천)주유소,043-881-8122,O,X
강천산(대구)주유소,063-653-3068,O,X
천등산(제천)주유소,043-844-2988,O,X
천등산(평택)주유소,,O,X
강천산(광주)주유소,063-000-0000,O,X
외동(포항)주유소,054-745-0024,O,X
외동(울산)주유소,054-745-0086,O,X
논공(광주)주유소,070-4303-0610,O,X
논공(대구)주유소,070-4304-0630,O,X
정안(논산)주유소,041-858-0531,O,X
정안(천안)주유소,041-858-0565,O,X
이인(천안)주유소,041-856-8741,O,X
탄천(논산)주유소,041-854-3526,O,X
청도(부산)주유소,054-372-0070,O,X
청도(대구)주유소,054-371-5103,O,X
가평(춘천)주유소,031-584-5159,O,X
가평(서울)주유소,031-584-5149,O,X
오산(동탄)주유소,031-375-5157,O,X
오산(과천)주유소,031-378-5158,O,X
장안(울산)주유소,051-728-5157,O,X
장안(부산)주유소,051-727-7300,O,X
건천(부산)주유소,054-751-6891,O,X
송산(평택)주유소,031-357-8194,O,X
송산(시흥)주유소,031-357-8192,O,X
양주(판교)주유소,031-871-2996,X,X
기념관(공항)주유소,032-563-4355,O,X
양평(광주)주유소,318-027-2194,X,X
양평(원주)주유소,318-027-2175,X,X
광주(광주)주유소,318-027-3948,X,X
광주(원주)주유소,318-027-3943,X,X
의성(영덕)주유소,054-862-9036,O,X
의성(청주)주유소,054-862-9254,O,X
청송(영덕)주유소,054-872-5911,X,X
청송(청주)주유소,054-872-9102,X,X
성남(판교)주유소,,O,X
구리남양주(일산)주유소,031-555-0740,X,X
홍천(서울)주유소,033-436-7887,O,X
홍천(양양)주유소,033-436-7997,O,X
낙동강구미주유소,054-475-7630,X,X
내린천(양양)주유소,033-852-7220,O,X
낙동강의성주유소,054-475-7632,X,X
군위영천주유소,054-383-8448,X,X
삼국유사군위주유소,054-383-8778,X,X
의정부(구리)주유소,031-928-4779,X,X
별내(포천)주유소,031-523-3378,X,X
시흥(일산)주유소,031-481-8147,O,X
시흥(판교)주유소,031-481-8149,O,X
내린천(서울)주유소,033-852-7110,O,X
성주(양평)주유소,054-933-0820,O,O
성주(창원)주유소,054-932-1200,O,X
사천(순천)주유소,055-854-8622,O,X
섬진강(부산)주유소,061-772-2106,O,X
섬진강(순천)주유소,061-772-4163,O,X
거창(대구)주유소,055-941-0863,O,X
거창(고서)주유소,055-941-0861,O,X
지리산(대구)주유소,063-636-2721,O,X
화성(서울)주유소,031-353-8148,O,X
화성(목포)주유소,031-353-8015,O,X
서산(서울)주유소,041-688-7717,O,X
대천(서울)주유소,041-931-5371,O,X
대천(목포)주유소,041-931-5871,O,X
군산(서울)주유소,063-453-5163,O,X
군산(목포)주유소,063-453-5763,O,X
고창(목포)주유소,063-561-6318,O,X
고창(서울)주유소,063-561-0963,O,X
서울만남(부산)주유소,02-573-7430,O,X
죽전(서울)주유소,031-262-4602,O,X
기흥(부산)주유소,031-286-5185,O,X
안성(서울)주유소,031-664-4096,O,O
안성(부산)주유소,031-651-5385,O,O
입장(서울)주유소,041-588-2184,O,X
망향(부산)주유소,041-557-6161,O,X
천안(서울)주유소,041-555-3001,O,X
천안(부산)주유소,041-552-6367,O,X
청주(서울)주유소,043-231-8833,O,X
옥산(부산)주유소,043-269-0843,O,X
죽암(서울)주유소,043-260-5341,O,X
죽암(부산)주유소,043-269-4434,O,X
신탄진(서울)주유소,042-934-2445,O,O
옥천(부산)주유소,043-731-8524,O,X
옥천(서울)주유소,043-733-9924,O,X
금강(부산)주유소,043-733-0439,O,X
황간(부산)주유소,043-742-5853,O,X
황간(서울)주유소,043-742-1266,O,X
추풍령(부산)주유소,054-430-0502,X,X
추풍령(서울)주유소,054-430-0503,X,X
칠곡(부산)주유소,054-975-1734,O,X
칠곡(서울)주유소,054-975-2544,O,X
경산(서울)주유소,053-851-7025,O,X
평사(부산)주유소,053-851-6110,O,X
건천(서울)주유소,054-751-8256,O,X
경주(부산)주유소,054-748-3427,O,X
언양(서울)주유소,052-263-6146,O,O
양산(서울)주유소,055-389-1750,O,X
진영(부산)주유소,055-343-5415,O,X
진영(순천)주유소,055-342-0878,O,X
문산(순천)주유소,055-762-2048,O,X
사천(부산)주유소,055-854-6732,O,X
장유(부산)주유소,055-313-2610,O,X
벌곡(천안)주유소,041-732-3991,O,X
벌곡(순천)주유소,041-733-7487,O,X
현풍(대구)주유소,053-614-2508,O,X
현풍(현풍)주유소,053-614-2437,O,X
동명(부산)주유소,054-977-6934,O,X
동명(춘천)주유소,054-977-6941,O,X
홍성(서울)주유소,041-642-1178,O,X
홍성(목포)주유소,041-642-1145,O,X
영천(포항)주유소,054-338-9135,O,X
영천(대구)주유소,054-338-9301,O,X
서천(서울)주유소,041-952-9735,O,X
서천(목포)주유소,041-952-9738,O,X
함평나비(광주)주유소,061-324-8838,O,X
함평나비(무안)주유소,061-324-8860,O,X
문경(마산)주유소,054-554-1659,O,X
문경(양평)주유소,054-554-1614,O,X
구정(동해)주유소,033-644-8456,O,X
속리산(청원)주유소,043-544-6311,O,X
남성주(양평)주유소,054-931-5149,O,X
남성주(마산)주유소,054-932-0031,O,X
진안(익산)주유소,063-432-1383,O,X
고성(통영)주유소,055-674-2062,O,X
고성(하남)주유소,055-674-8062,O,X
괴산(양평)주유소,043-832-6598,O,X
청통(대구)주유소,054-337-5074,O,X
와촌(포항)주유소,053-853-1082,O,X
옥계(속초)주유소,033-534-2100,O,X
괴산(마산)주유소,043-832-7970,O,X
김천(서울)주유소,054-431-4477,O,X
진안(장수)주유소,063-432-6353,O,X
화서(상주)주유소,054-531-1984,O,X
구정(속초)주유소,033-644-4929,O,X
예산(당진)주유소,041-335-0052,O,X
예산(대전)주유소,041-334-0081,O,X
공주(대전)주유소,041-854-9728,O,X
부여백제(공주)주유소,041-833-8300,O,X
부여백제(서천)주유소,041-834-4600,O,X
공주(당진)주유소,041-854-9504,O,X
목감(서울)주유소,031-411-0592,X,X
의왕(일산)주유소,031-421-7344,X,X
안성맞춤(평택)주유소,031-672-9622,O,X
안성맞춤(충주)주유소,031-674-8644,O,X
서산(목포)주유소,041-688-8817,O,X
서하남(일산)주유소,031-795-5870,O,X
지리산(고서)주유소,063-636-2722,O,X
김천(부산)주유소,054-435-0266,O,X
함안(부산)주유소,055-583-9341,O,O
진주(부산)주유소,055-759-1028,O,X
함안(순천)주유소,055-582-6321,X,X
서여주(양평)주유소,031-885-9764,O,X
서여주(마산)주유소,031-884-9718,O,X
덕평(인천)주유소,031-635-8858,O,X
이서(천안)주유소,063-236-4400,O,X
이서(순천)주유소,063-227-7100,O,X
덕평(강릉)주유소,,O,X
오수(전주)주유소,063-644-4800,O,X
오수(광양)주유소,063-644-7300,O,X
함평천지(서울)주유소,061-322-4409,O,X
함평천지(목포)주유소,061-324-4136,O,X
여산(천안)주유소,063-836-5272,X,X
여산(순천)주유소,063-836-5246,O,X
정읍(천안)주유소,063-533-0903,O,X
정읍(순천)주유소,063-533-0906,O,X
백양사(천안)주유소,061-393-0257,O,O
백양사(순천)주유소,061-394-9990,O,X
곡성(천안)주유소,061-362-7188,O,X
곡성(순천)주유소,061-362-5955,O,X
주암(순천)주유소,061-754-4985,O,X
주암(천안)주유소,061-754-4454,O,X
하남만남(통영)주유소,031-793-5800,O,O
이천(하남)주유소,031-638-2569,O,X
이천(통영)주유소,031-637-0401,O,X
음성(하남)주유소,043-877-1086,O,X
음성(통영)주유소,043-878-5039,O,O
오창(하남)주유소,043-217-6385,O,X
오창(통영)주유소,043-217-1443,O,X
인삼랜드(하남)주유소,041-754-5180,O,X
인삼랜드(통영)주유소,041-751-2895,O,X
덕유산(하남)주유소,063-353-4206,O,X
덕유산(통영)주유소,063-353-5106,O,X
함양(하남)주유소,055-964-1041,O,X
함양(통영)주유소,055-963-8762,O,X
산청(하남)주유소,055-973-6138,O,X
산청(통영)주유소,055-973-8902,O,X
충주(양평)주유소,043-857-4884,O,X
충주(마산)주유소,043-857-7371,O,X
선산(양평)주유소,054-482-6014,O,X
선산(마산)주유소,054-482-6034,O,X
영산(마산)주유소,055-521-3284,O,X
칠서(양평)주유소,055-587-1420,O,X
강릉(강릉)주유소,033-648-9559,O,X
강릉(서창)주유소,033-647-7112,O,X
평창(강릉)주유소,033-334-5102,O,X
평창(서창)주유소,033-332-5189,O,X
횡성(강릉)주유소,033-342-7357,O,X
횡성(인천)주유소,033-342-5880,O,X
문막(인천)주유소,033-734-0767,O,X
문막(강릉)주유소,033-734-0764,O,O
여주(인천)주유소,031-881-3655,O,X
여주(강릉)주유소,031-881-6132,O,O
용인(강릉)주유소,031-332-3221,O,X
용인(인천)주유소,031-339-2262,O,X
춘천(부산)주유소,033-264-0391,O,O
홍천강(춘천)주유소,033-435-6751,O,X
원주(춘천)주유소,033-731-6425,O,X
원주(부산)주유소,033-731-0736,O,X
치악(부산)주유소,033-763-8603,O,X
치악(춘천)주유소,033-762-0349,O,X
단양(춘천)주유소,043-421-1676,O,X
단양(부산)주유소,043-423-5406,O,X
안동(부산)주유소,054-853-9758,O,X
안동(춘천)주유소,054-853-4062,O,X
군위(부산)주유소,054-383-6116,O,X
군위(춘천)주유소,054-383-6117,O,X
동해(동해)주유소,033-534-6648,O,X
김해(창원)주유소,055-312-2864,O,X
김해(기장)주유소,055-312-2862,O,X
매송(서울)주유소,031-295-1509,O,X
매송(목포)주유소,031-296-1509,O,X
구리(일산)주유소,031-528-3002,O,X
평택(평택)주유소,070-4172-8085,O,X
평택(제천)주유소,070-4172-8087,O,X
장흥정남진(영암)주유소,061-864-5008,X,X
장흥정남진(순천)주유소,061-864-5008,X,X
울주(울산)주유소,052-977-2243,X,X
울주(함양)주유소,052-977-3243,X,X
